{
    "books": [{
            "id": "10000000",
            "name": "某小说",
            "auth": "叶语",
            "class": "青春爱情",
            "text": {
                "num": 3,
                "p1": "第一段",
                "p2": "第二段",
                "p3": "全书完"
            },
            "image": "https://i.ibb.co/hKKpLVt/pmn-2.png",
            "description": "某小说描述"
        },
        {
            "id": "202111270000",
            "name": "他们",
            "auth": "某个无聊的sb",
            "class": "爱情、短文",
            "text": {
                "num": 2,
                "p1": "女主去工地找男主，突然，一根铁掉了下来。\n他们俩，幸福的死在了一起。",
                "p2": "全书完。"
            },
            "image": "https://i.ibb.co/hKKpLVt/pmn-2.png",
            "description": ""
        }
    ]
}